Points,Rise Time,Settling Time,Overshoot,ST index
20,6.69E-10,4.85E-09,0.312199098,126
40,6.69E-10,4.85E-09,0.312199098,126
60,,,,
80,,,,
120,,,,
240,,,,
